{"cameraMode":{"drawMode":0,"name":"Shaded","section":"Shading Mode"},"sceneLighting":false,"audioPlay":false,"sceneViewState":{"showFog":true,"showMaterialUpdate":false,"showSkybox":false,"showFlares":true,"showImageEffects":true,"showParticleSystems":true},"in2DMode":false,"pivot":{"x":1.8394746780395508,"y":-0.916601300239563,"z":1.7824076414108277},"rotation":{"x":0.0698205828666687,"y":-0.9099327325820923,"z":-0.17092975974082948,"w":-0.37147942185401919},"size":2.12233304977417,"orthographic":false}