{"cameraMode":{"drawMode":0,"name":"Shaded","section":"Shading Mode"},"sceneLighting":false,"audioPlay":false,"sceneViewState":{"showFog":true,"showMaterialUpdate":false,"showSkybox":false,"showFlares":true,"showImageEffects":true,"showParticleSystems":true},"in2DMode":false,"pivot":{"x":2.6512768268585207,"y":0.042602334171533588,"z":3.2116096019744875},"rotation":{"x":0.11654383689165116,"y":0.7772811651229858,"z":-0.15109950304031373,"w":0.5995242595672607},"size":5.329878807067871,"orthographic":false}