{"cameraMode":{"drawMode":0,"name":"Shaded","section":"Shading Mode"},"sceneLighting":false,"audioPlay":false,"sceneViewState":{"showFog":true,"showMaterialUpdate":false,"showSkybox":false,"showFlares":true,"showImageEffects":true,"showParticleSystems":true},"in2DMode":false,"pivot":{"x":-2.494729518890381,"y":-9.283323287963868,"z":-5.333874225616455},"rotation":{"x":0.011362924240529538,"y":-0.9515454769134522,"z":0.3053286671638489,"w":0.03540821373462677},"size":18.949750900268556,"orthographic":false}