{"cameraMode":{"drawMode":0,"name":"Shaded","section":"Shading Mode"},"sceneLighting":false,"audioPlay":false,"sceneViewState":{"showFog":true,"showMaterialUpdate":false,"showSkybox":false,"showFlares":true,"showImageEffects":true,"showParticleSystems":true},"in2DMode":false,"pivot":{"x":0.7942380905151367,"y":1.7516247034072877,"z":-0.1003570556640625},"rotation":{"x":-0.026271842420101167,"y":0.9711761474609375,"z":-0.12805767357349397,"w":-0.1994015872478485},"size":3.4272496700286867,"orthographic":false}