{"cameraMode":{"drawMode":0,"name":"Shaded","section":"Shading Mode"},"sceneLighting":false,"audioPlay":false,"sceneViewState":{"showFog":true,"showMaterialUpdate":false,"showSkybox":false,"showFlares":true,"showImageEffects":true,"showParticleSystems":true},"in2DMode":false,"pivot":{"x":0.004353910684585571,"y":0.2656591832637787,"z":-0.03323739767074585},"rotation":{"x":-0.004072439391165972,"y":0.9887093901634216,"z":-0.02817150019109249,"w":-0.14765240252017976},"size":0.5904285311698914,"orthographic":false}