{"cameraMode":{"drawMode":0,"name":"Shaded","section":"Shading Mode"},"sceneLighting":false,"audioPlay":false,"sceneViewState":{"showFog":true,"showMaterialUpdate":false,"showSkybox":false,"showFlares":true,"showImageEffects":true,"showParticleSystems":true},"in2DMode":false,"pivot":{"x":13.094192504882813,"y":4.116106986999512,"z":-1.4241515398025513},"rotation":{"x":-0.0050234380178153519,"y":-0.7662692070007324,"z":0.00596324959769845,"w":-0.6425731182098389},"size":11.792020797729493,"orthographic":false}