{"cameraMode":{"drawMode":0,"name":"Shaded","section":"Shading Mode"},"sceneLighting":false,"audioPlay":false,"sceneViewState":{"showFog":true,"showMaterialUpdate":false,"showSkybox":false,"showFlares":true,"showImageEffects":true,"showParticleSystems":true},"in2DMode":false,"pivot":{"x":-44.99258041381836,"y":-0.45506972074508669,"z":-4.8713555335998539},"rotation":{"x":-0.046454016119241717,"y":-0.9520478248596191,"z":0.24055252969264985,"w":-0.18364232778549195},"size":3.820523977279663,"orthographic":false}