{"cameraMode":{"drawMode":0,"name":"Shaded","section":"Shading Mode"},"sceneLighting":false,"audioPlay":false,"sceneViewState":{"showFog":true,"showMaterialUpdate":false,"showSkybox":false,"showFlares":true,"showImageEffects":true,"showParticleSystems":true},"in2DMode":false,"pivot":{"x":1.3288297653198243,"y":1.477353811264038,"z":4.388511657714844},"rotation":{"x":-0.038698237389326099,"y":-0.26970067620277407,"z":0.010847521014511586,"w":-0.962113082408905},"size":4.097825050354004,"orthographic":false}