{"cameraMode":{"drawMode":0,"name":"Shaded","section":"Shading Mode"},"sceneLighting":false,"audioPlay":false,"sceneViewState":{"showFog":true,"showMaterialUpdate":false,"showSkybox":false,"showFlares":true,"showImageEffects":true,"showParticleSystems":true},"in2DMode":false,"pivot":{"x":236.6678466796875,"y":462.6485290527344,"z":-163.28982543945313},"rotation":{"x":-0.06418628245592118,"y":-0.09149264544248581,"z":0.005902688950300217,"w":-0.9937416911125183},"size":148.02601623535157,"orthographic":false}