{"cameraMode":{"drawMode":0,"name":"Shaded","section":"Shading Mode"},"sceneLighting":false,"audioPlay":false,"sceneViewState":{"showFog":true,"showMaterialUpdate":false,"showSkybox":false,"showFlares":true,"showImageEffects":true,"showParticleSystems":true},"in2DMode":false,"pivot":{"x":533.1110229492188,"y":303.9785461425781,"z":-0.0433502197265625},"rotation":{"x":-0.013954134657979012,"y":0.8932846188545227,"z":0.44854268431663515,"w":0.03104841336607933},"size":46.54267501831055,"orthographic":false}