{"cameraMode":{"drawMode":0,"name":"Shaded","section":"Shading Mode"},"sceneLighting":false,"audioPlay":false,"sceneViewState":{"showFog":true,"showMaterialUpdate":false,"showSkybox":false,"showFlares":true,"showImageEffects":true,"showParticleSystems":true},"in2DMode":false,"pivot":{"x":1.7384374141693116,"y":0.5806963443756104,"z":1.341015338897705},"rotation":{"x":0.06515856832265854,"y":-0.9343656301498413,"z":0.2628226578235626,"w":0.23163726925849915},"size":2.8634753227233888,"orthographic":false}