{"cameraMode":{"drawMode":0,"name":"Shaded","section":"Shading Mode"},"sceneLighting":false,"audioPlay":false,"sceneViewState":{"showFog":true,"showMaterialUpdate":false,"showSkybox":true,"showFlares":true,"showImageEffects":true,"showParticleSystems":true},"in2DMode":false,"pivot":{"x":-4.803638935089111,"y":0.9552679061889648,"z":4.4929914474487309},"rotation":{"x":0.01820429041981697,"y":0.10181031376123429,"z":0.0018617039313539863,"w":-0.9947101473808289},"size":0.8660253882408142,"orthographic":false}