{"cameraMode":{"drawMode":0,"name":"Shaded","section":"Shading Mode"},"sceneLighting":false,"audioPlay":false,"sceneViewState":{"showFog":true,"showMaterialUpdate":false,"showSkybox":false,"showFlares":true,"showImageEffects":true,"showParticleSystems":true},"in2DMode":false,"pivot":{"x":-1.1920928955078126e-7,"y":0.798619270324707,"z":-0.029999971389770509},"rotation":{"x":0.06515856832265854,"y":-0.9343656301498413,"z":0.2628226578235626,"w":0.23163726925849915},"size":3.0391323566436769,"orthographic":false}