{"cameraMode":{"drawMode":0,"name":"Shaded","section":"Shading Mode"},"sceneLighting":false,"audioPlay":false,"sceneViewState":{"showFog":true,"showMaterialUpdate":false,"showSkybox":true,"showFlares":true,"showImageEffects":true,"showParticleSystems":true},"in2DMode":false,"pivot":{"x":-87.05754852294922,"y":5.4202799797058109,"z":114.9485092163086},"rotation":{"x":0.032172467559576038,"y":0.9640923142433167,"z":-0.1389450877904892,"w":0.2243317812681198},"size":0.7485429048538208,"orthographic":false}