{"cameraMode":{"drawMode":0,"name":"Shaded","section":"Shading Mode"},"sceneLighting":false,"audioPlay":false,"sceneViewState":{"showFog":true,"showMaterialUpdate":false,"showSkybox":false,"showFlares":true,"showImageEffects":true,"showParticleSystems":true},"in2DMode":false,"pivot":{"x":8.99441146850586,"y":0.8142369985580444,"z":6.2198100090026859},"rotation":{"x":0.06515856832265854,"y":-0.9343656301498413,"z":0.2628226578235626,"w":0.23163726925849915},"size":3.06748628616333,"orthographic":false}