{"cameraMode":{"drawMode":0,"name":"Shaded","section":"Shading Mode"},"sceneLighting":true,"audioPlay":false,"sceneViewState":{"showFog":true,"showMaterialUpdate":false,"showSkybox":true,"showFlares":true,"showImageEffects":true,"showParticleSystems":true},"in2DMode":false,"pivot":{"x":14.510791778564454,"y":0.17735572159290315,"z":-3.9614012241363527},"rotation":{"x":0.029122328385710717,"y":-0.9629983901977539,"z":0.24148757755756379,"w":0.11612681299448013},"size":7.751134872436523,"orthographic":false}