{"cameraMode":{"drawMode":0,"name":"Shaded","section":"Shading Mode"},"sceneLighting":false,"audioPlay":false,"sceneViewState":{"showFog":true,"showMaterialUpdate":false,"showSkybox":true,"showFlares":true,"showImageEffects":true,"showParticleSystems":true},"in2DMode":false,"pivot":{"x":-67.7298812866211,"y":-9.358643531799317,"z":59.564971923828128},"rotation":{"x":-0.0038479981012642385,"y":-0.97983318567276,"z":0.019728096202015878,"w":-0.19929422438144685},"size":0.7485429048538208,"orthographic":false}