{"cameraMode":{"drawMode":0,"name":"Shaded","section":"Shading Mode"},"sceneLighting":false,"audioPlay":false,"sceneViewState":{"showFog":true,"showMaterialUpdate":false,"showSkybox":false,"showFlares":true,"showImageEffects":true,"showParticleSystems":true},"in2DMode":false,"pivot":{"x":-0.6744800806045532,"y":0.7923009395599365,"z":1.4945907592773438},"rotation":{"x":0.298132061958313,"y":-0.6537607312202454,"z":0.31379055976867678,"w":0.6208054423332214},"size":2.1250009536743166,"orthographic":false}