{"cameraMode":{"drawMode":0,"name":"Shaded","section":"Shading Mode"},"sceneLighting":false,"audioPlay":false,"sceneViewState":{"showFog":true,"showMaterialUpdate":false,"showSkybox":false,"showFlares":true,"showImageEffects":true,"showParticleSystems":true},"in2DMode":false,"pivot":{"x":-4.9636335372924809,"y":1.8984465599060059,"z":-0.05178635194897652},"rotation":{"x":0.0077089606784284119,"y":-0.9729148149490356,"z":0.22913143038749696,"w":0.03210611268877983},"size":1.5518386363983155,"orthographic":false}