{"cameraMode":{"drawMode":0,"name":"Shaded","section":"Shading Mode"},"sceneLighting":false,"audioPlay":false,"sceneViewState":{"showFog":true,"showMaterialUpdate":false,"showSkybox":false,"showFlares":true,"showImageEffects":true,"showParticleSystems":true},"in2DMode":false,"pivot":{"x":0.7073685526847839,"y":1.1642711162567139,"z":-2.267575979232788},"rotation":{"x":-0.22252263128757478,"y":-0.538899838924408,"z":0.15020881593227387,"w":-0.7984810471534729},"size":1.2899514436721802,"orthographic":false}