{"cameraMode":{"drawMode":0,"name":"Shaded","section":"Shading Mode"},"sceneLighting":false,"audioPlay":false,"sceneViewState":{"showFog":true,"showMaterialUpdate":false,"showSkybox":false,"showFlares":true,"showImageEffects":true,"showParticleSystems":true},"in2DMode":false,"pivot":{"x":-1.4518810510635377,"y":1.7466908693313599,"z":0.34553641080856326},"rotation":{"x":0.26102468371391299,"y":-0.7193224430084229,"z":0.5434879064559937,"w":0.34526944160461428},"size":3.0323755741119386,"orthographic":false}