{"cameraMode":{"drawMode":0,"name":"Shaded","section":"Shading Mode"},"sceneLighting":false,"audioPlay":false,"sceneViewState":{"showFog":true,"showMaterialUpdate":false,"showSkybox":false,"showFlares":true,"showImageEffects":true,"showParticleSystems":true},"in2DMode":false,"pivot":{"x":-1.0087804794311524,"y":0.8417097926139832,"z":-0.854222297668457},"rotation":{"x":-0.019543590024113656,"y":-0.9268120527267456,"z":0.04870232939720154,"w":-0.3718908429145813},"size":1.4484517574310303,"orthographic":false}