{"cameraMode":{"drawMode":0,"name":"Shaded","section":"Shading Mode"},"sceneLighting":false,"audioPlay":false,"sceneViewState":{"showFog":true,"showMaterialUpdate":false,"showSkybox":false,"showFlares":true,"showImageEffects":true,"showParticleSystems":true},"in2DMode":false,"pivot":{"x":-4.97190523147583,"y":-1.038035273551941,"z":19.285675048828126},"rotation":{"x":-0.09728902578353882,"y":0.03462234139442444,"z":-0.003385748714208603,"w":-0.9946653246879578},"size":8.9613618850708,"orthographic":false}