{"cameraMode":{"drawMode":0,"name":"Shaded","section":"Shading Mode"},"sceneLighting":false,"audioPlay":false,"sceneViewState":{"showFog":true,"showMaterialUpdate":false,"showSkybox":false,"showFlares":true,"showImageEffects":true,"showParticleSystems":true},"in2DMode":false,"pivot":{"x":465.9389343261719,"y":431.7083740234375,"z":-488.4468078613281},"rotation":{"x":-0.029376352205872537,"y":0.036566536873579028,"z":-0.0010968889109790326,"w":-0.9989295601844788},"size":80.77747344970703,"orthographic":false}