{"cameraMode":{"drawMode":0,"name":"Shaded","section":"Shading Mode"},"sceneLighting":false,"audioPlay":false,"sceneViewState":{"showFog":true,"showMaterialUpdate":false,"showSkybox":false,"showFlares":true,"showImageEffects":true,"showParticleSystems":true},"in2DMode":false,"pivot":{"x":2.0471384525299074,"y":1.3456213474273682,"z":-1.6724357604980469},"rotation":{"x":0.06515856832265854,"y":-0.9343656301498413,"z":0.2628226578235626,"w":0.23163726925849915},"size":6.196342945098877,"orthographic":false}