{"cameraMode":{"drawMode":0,"name":"Shaded","section":"Shading Mode"},"sceneLighting":false,"audioPlay":false,"sceneViewState":{"showFog":true,"showMaterialUpdate":false,"showSkybox":true,"showFlares":true,"showImageEffects":true,"showParticleSystems":true},"in2DMode":false,"pivot":{"x":-63.004425048828128,"y":-10.007662773132325,"z":67.34319305419922},"rotation":{"x":0.001306947902776301,"y":0.9959769248962402,"z":-0.08927951008081436,"w":0.016414010897278787},"size":1.3485429286956788,"orthographic":false}