{"cameraMode":{"drawMode":0,"name":"Shaded","section":"Shading Mode"},"sceneLighting":false,"audioPlay":false,"sceneViewState":{"showFog":true,"showMaterialUpdate":false,"showSkybox":true,"showFlares":true,"showImageEffects":true,"showParticleSystems":true},"in2DMode":false,"pivot":{"x":-63.062355041503909,"y":-10.212952613830567,"z":67.3947525024414},"rotation":{"x":-0.0006737455260008574,"y":0.9872947931289673,"z":-0.15952974557876588,"w":-0.003271424677222967},"size":0.7485429048538208,"orthographic":false}