{"cameraMode":{"drawMode":0,"name":"Shaded","section":"Shading Mode"},"sceneLighting":false,"audioPlay":false,"sceneViewState":{"showFog":true,"showMaterialUpdate":false,"showSkybox":false,"showFlares":true,"showImageEffects":true,"showParticleSystems":true},"in2DMode":false,"pivot":{"x":104.65936279296875,"y":-8.504646301269532,"z":-11.888057708740235},"rotation":{"x":-0.5459418892860413,"y":0.05070427432656288,"z":-0.03310539945960045,"w":-0.8356499075889587},"size":50.0,"orthographic":false}