{"cameraMode":{"drawMode":0,"name":"Shaded","section":"Shading Mode"},"sceneLighting":false,"audioPlay":false,"sceneViewState":{"showFog":true,"showMaterialUpdate":false,"showSkybox":true,"showFlares":true,"showImageEffects":true,"showParticleSystems":true},"in2DMode":false,"pivot":{"x":4.338645935058594,"y":-5.900800704956055,"z":80.01396179199219},"rotation":{"x":-0.06832540035247803,"y":-0.8550482988357544,"z":0.11700596660375595,"w":-0.5007318258285523},"size":0.7485429048538208,"orthographic":false}