{"cameraMode":{"drawMode":0,"name":"Shaded","section":"Shading Mode"},"sceneLighting":true,"audioPlay":false,"sceneViewState":{"showFog":false,"showMaterialUpdate":false,"showSkybox":false,"showFlares":false,"showImageEffects":false,"showParticleSystems":false},"in2DMode":false,"pivot":{"x":-0.04653584957122803,"y":2.086238145828247,"z":3.2085747718811037},"rotation":{"x":0.04530969634652138,"y":0.9238501191139221,"z":-0.3620525896549225,"w":0.11561731994152069},"size":9.492857933044434,"orthographic":false}