{"cameraMode":{"drawMode":0,"name":"Shaded","section":"Shading Mode"},"sceneLighting":false,"audioPlay":false,"sceneViewState":{"showFog":false,"showMaterialUpdate":false,"showSkybox":false,"showFlares":false,"showImageEffects":false,"showParticleSystems":false},"in2DMode":false,"pivot":{"x":-5.960464477539063e-8,"y":0.869835615158081,"z":4.8915605545043949},"rotation":{"x":0.016277141869068147,"y":0.9812393188476563,"z":-0.1664169728755951,"w":0.0959751158952713},"size":5.516541481018066,"orthographic":false}